{"cameraMode":{"drawMode":0,"name":"Shaded","section":"Shading Mode"},"sceneLighting":false,"audioPlay":false,"sceneViewState":{"showFog":true,"showMaterialUpdate":false,"showSkybox":true,"showFlares":true,"showImageEffects":true,"showParticleSystems":true},"in2DMode":false,"pivot":{"x":-2.6356420516967775,"y":0.720586895942688,"z":-3.8924479484558107},"rotation":{"x":0.07934368401765824,"y":0.3898192048072815,"z":-0.033738069236278537,"w":0.9168779253959656},"size":2.205174207687378,"orthographic":false}